workload,sample,iterations,instructions_per_run,elapsed_ns
sum100,0,2000,304,254121922
sum100,1,2000,304,239827584
sum100,2,2000,304,238155003
sum100,3,2000,304,267141547
sum100,4,2000,304,292776935
recursive_factorial6,0,2000,54,49714429
recursive_factorial6,1,2000,54,50977824
recursive_factorial6,2,2000,54,32237293
recursive_factorial6,3,2000,54,30452294
recursive_factorial6,4,2000,54,30014844
division100,0,2000,406,524092928
division100,1,2000,406,580843685
division100,2,2000,406,449724815
division100,3,2000,406,459439770
division100,4,2000,406,438976433
